{
    "about": "D. Y. Patil College of Engineering & Technology, Kasaba Bawada, Kolhapur, is a self-financing Autonomous Institute established in 1984 under the visionary leadership of Padmashree Dr. D. Y. Patil. The institution is approved by AICTE and affiliated with Shivaji University. It was granted autonomous status by UGC and Shivaji University in 2020.",
    "courses": {
      "undergraduate": [
        {
          "name": "Chemical Engineering",
          "intake": 60
        },
        {
          "name": "Civil Engineering",
          "intake": 120
        },
        {
          "name": "Computer Science and Engineering",
          "intake": 360
        },
        {
          "name": "Computer Science and Engineering (Artificial Intelligence and Machine Learning)",
          "intake": 180
        },
        {
          "name": "Computer Science and Engineering (Data Science)",
          "intake": 180
        },
        {
          "name": "Electronics and Telecommunication Engineering",
          "intake": 120
        },
        {
          "name": "Mechanical Engineering",
          "intake": 120
        }
      ],
      "postgraduate": [
        {
          "name": "M.Tech in Computer Science and Engineering",
          "intake": 18
        }
      ]
    },
    "placements": {
      "2023-24": {
        "companies_participated": 35,
        "single_offers": 179,
        "multiple_offers": 92,
        "total_students_placed": 222,
        "total_job_offers": 271,
        "highest_salary_lpa": 7.8,
        "average_salary_lpa": 4.6,
        "median_salary_lpa": 3.5
      },
      "2022-23": {
        "companies_participated": 174,
        "single_offers": 277,
        "multiple_offers": 386,
        "total_students_placed": 443,
        "total_job_offers": 663,
        "highest_salary_lpa": 64,
        "average_salary_lpa": 5.63,
        "median_salary_lpa": 4.8
      },
      "2021-22": {
        "companies_participated": 232,
        "single_offers": 179,
        "multiple_offers": 176,
        "total_students_placed": 355,
        "total_job_offers": 626,
        "highest_salary_lpa": 16,
        "average_salary_lpa": 6.13,
        "median_salary_lpa": 4
      },
      "2020-21": {
        "companies_participated": 224,
        "single_offers": 252,
        "multiple_offers": 72,
        "total_students_placed": 307,
        "total_job_offers": 379,
        "highest_salary_lpa": 8,
        "average_salary_lpa": 5.13,
        "median_salary_lpa": 3.36
      },
      "2019-20": {
        "companies_participated": 110,
        "single_offers": 266,
        "multiple_offers": 76,
        "total_students_placed": 317,
        "total_job_offers": 342,
        "highest_salary_lpa": 18,
        "average_salary_lpa": 4.5,
        "median_salary_lpa": 1.8
      }
    },
    "contact": {
      "address": "D. Y. Patil College of Engineering and Technology, Kasaba Bawada, Kolhapur - 416006",
      "phone": ["0231-2601431", "0231-2601432", "0231-2601433"],
      "email": "info.dypcet@dypgroup.edu.in",
      "careers_email": "career.dypcet@dypgroup.edu.in"
    },
    "institute_code": "06250",
    "website": "https://coek.dypgroup.edu.in/"
  }
  